-- phpMyAdmin SQL Dump
-- version 5.0.2
-- https://www.phpmyadmin.net/
--
-- Host: localhost
-- Waktu pembuatan: 13 Des 2020 pada 08.10
-- Versi server: 10.4.13-MariaDB
-- Versi PHP: 7.4.8

SET SQL_MODE = "NO_AUTO_VALUE_ON_ZERO";
START TRANSACTION;
SET time_zone = "+00:00";


/*!40101 SET @OLD_CHARACTER_SET_CLIENT=@@CHARACTER_SET_CLIENT */;
/*!40101 SET @OLD_CHARACTER_SET_RESULTS=@@CHARACTER_SET_RESULTS */;
/*!40101 SET @OLD_COLLATION_CONNECTION=@@COLLATION_CONNECTION */;
/*!40101 SET NAMES utf8mb4 */;

--
-- Database: `iD>E`
--

-- --------------------------------------------------------

--
-- Struktur dari tabel `IDE_tabel`
--

CREATE TABLE `IDE_tabel` (
  `id` int(11) NOT NULL,
  `id_user` int(11) NOT NULL,
  `judul` text DEFAULT NULL,
  `Deskripsi` text DEFAULT NULL,
  `Di_Kirim` date NOT NULL,
  `Progres` int(3) NOT NULL,
  `Lokasi` varchar(3000) DEFAULT NULL,
  `view` int(12) NOT NULL
) ENGINE=InnoDB DEFAULT CHARSET=utf8mb4;

--
-- Dumping data untuk tabel `IDE_tabel`
--

INSERT INTO `IDE_tabel` (`id`, `id_user`, `judul`, `Deskripsi`, `Di_Kirim`, `Progres`, `Lokasi`, `view`) VALUES
(1, 5, 'IDE samepl 1', 'Borders\r\nUse border utilities to quickly style the border and border-radius of an element. Great for images, buttons, or any other element.\r\n\r\nads via CarbonLimited time offer: Get 10 free Adobe Stock images.\r\nads via Carbon\r\nOn this page\r\nBorder\r\nAdditive\r\nSubtractive\r\nBorder color\r\nBorder-width\r\nBorder-radius\r\nSizes\r\nBorder\r\nUse border utilities to add or remove an element’s borders. Choose from all borders or one at a time.\r\n\r\nAdditive\r\n    \r\nCopy\r\n<span class=\"border\"></span>\r\n<span class=\"border-top\"></span>\r\n<span class=\"border-end\"></span>\r\n<span class=\"border-bottom\"></span>\r\n<span class=\"border-start\"></span>\r\nSubtractive\r\n    \r\nCopy\r\n<span class=\"border-0\"></span>\r\n<span class=\"border-top-0\"></span>\r\n<span class=\"border-end-0\"></span>\r\n<span class=\"border-bottom-0\"></span>\r\n<span class=\"border-start-0\"></span>\r\nBorder color\r\nChange the border color using utilities built on our theme colors.\r\n\r\n        \r\nCopy\r\n<span class=\"border border-primary\"></span>\r\n<span class=\"border border-secondary\"></span>\r\n<span class=\"border border-success\"></span>\r\n<span class=\"border border-danger\"></span>\r\n<span class=\"border border-warning\"></span>\r\n<span class=\"border border-info\"></span>\r\n<span class=\"border border-light\"></span>\r\n<span class=\"border border-dark\"></span>\r\n<span class=\"border border-white\"></span>\r\nBorder-width\r\n    \r\nCopy\r\n<span class=\"border border-1\"></span>\r\n<span class=\"border border-2\"></span>\r\n<span class=\"border border-3\"></span>\r\n<span class=\"border border-4\"></span>\r\n<span class=\"border border-5\"></span>\r\nBorder-radius\r\nAdd classes to an element to easily round its corners.\r\n\r\n \r\n \r\n \r\n \r\n \r\n \r\nCopy\r\n<img src=\"...\" class=\"rounded\" alt=\"...\">\r\n<img src=\"...\" class=\"rounded-top\" alt=\"...\">\r\n<img src=\"...\" class=\"rounded-end\" alt=\"...\">\r\n<img src=\"...\" class=\"rounded-bottom\" alt=\"...\">\r\n<img src=\"...\" class=\"rounded-start\" alt=\"...\">\r\n<img src=\"...\" class=\"rounded-circle\" alt=\"...\">\r\n<img src=\"...\" class=\"rounded-pill\" alt=\"...\">\r\nSizes\r\nUse the scaling classes for larger or smaller rounded corners. Sizes range from 0 to 3, and can be configured by modifying the utilities API.', '2020-12-31', 20, 'Bogor', 123333),
(2, 6, 'try ide 2', 'Naruto (ナルト) adalah sebuah serial manga karya Masashi Kishimoto yang diadaptasi menjadi serial anime. Manga Naruto bercerita seputar kehidupan tokoh utamanya, Naruto Uzumaki, seorang ninja yang hiperaktif, periang, dan ambisius yang ingin mewujudkan keinginannya untuk mendapatkan gelar Hokage, pemimpin dan ninja terkuat di desanya. Serial ini didasarkan pada komik one-shot oleh Kishimoto yang diterbitkan dalam edisi Akamaru Jump pada Agustus 1997.[1]\r\n\r\nManga Naruto pertama kali diterbitkan di Jepang oleh Shueisha pada tahun 1999 dalam edisi ke-43 majalah Shonen Jump. Di Indonesia, manga ini diterbitkan oleh Elex Media Komputindo. Popularitas dan panjang seri Naruto sendiri (terutama di Jepang) menyaingi Dragon Ball karya Akira Toriyama, sedangkan serial anime Naruto, diproduksi oleh Studio Pierrot dan Aniplex, disiarkan secara perdana di Jepang oleh jaringan TV Tokyo dan juga oleh jaringan televisi satelit khusus anime, seperti Animax dan stasiun televisi lainnya, pada 3 Oktober 2002 sampai sekarang. Seri pertama terdiri atas 9 musim dan berlangsung 220 episode. Musim pertama dari seri kedua mulai ditayangkan pada tanggal 15 Februari 2007. Di Indonesia sendiri, anime Naruto pernah ditayangkan oleh stasiun televisi Trans TV, yang kemudian ditayangkan lebih lanjut oleh GTV dan sempat ditayangkan di Indosiar untuk musim keempat dan kelima sampai Naruto Shippuden musim kelima. Selain serial anime, Studio Pierrot telah mengembangkan delapan film untuk seri dan beberapa original video animation (OVA). Jenis barang dagangan termasuk novel ringan, permainan video dan koleksi kartu yang dikembangkan oleh beberapa perusahaan.\r\n\r\nViz Media memiliki lisensi manga dan anime produksi Amerika Utara. Viz telah menerbitkan seri ini ke dalam majalah mereka, yaitu Shonen Jump, serta beberapa volume. Seri anime ini mulai ditayangkan di Amerika Serikat dan Kanada pada tahun 2005, dan kemudian di Inggris dan Australia pada tahun 2006 dan 2007. Film, serta sebagian OVA dari seri ini juga telah dirilis oleh Viz, dengan tayang perdana di bioskop. Volume DVD pertama Naruto: Shippuden dirilis oleh Viz di Amerika Utara pada 29 September 2009, dan mulai disiarkan di Disney XD pada bulan Oktober pada tahun yang sama. Naruto Shippuden ditayangkan di Adult Swim, Toonami pada Januari 2014. Viz Media mulai streaming kedua seri pada layanan streaming Neon Alley mereka pada Desember 2012.', '0000-00-00', 30, 'bogor', 435),
(3, 5, 'try ide 3', 'hoep', '0000-00-00', 30, 'bogor', 5474),
(6, 5, 'jdkfd', 'knkjf,jsd,fnkldsojnblushidonspd9ofjsi;ojdblf;sdlkbd;of;hsd;lf,\'f\r\n\r\nspfhs],odcfhosl;,dhfm,oslr,msvdsugk\r\nkush]\r\n,fsgb,.]lsdfdsidhidohsdihsi', '2020-12-12', 0, NULL, 2),
(7, 5, 'jdkfd', 'knkjf,jsd,fnkldsojnblushidonspd9ofjsi;ojdblf;sdlkbd;of;hsd;lf,\'f\r\n\r\nspfhs],odcfhosl;,dhfm,oslr,msvdsugk\r\nkush]\r\n,fsgb,.]lsdfdsidhidohsdihsi', '2020-12-12', 0, 'Sulawesi Selatan', 0);

-- --------------------------------------------------------

--
-- Struktur dari tabel `JOB_Tabel`
--

CREATE TABLE `JOB_Tabel` (
  `id` int(11) NOT NULL,
  `id_user` int(11) NOT NULL,
  `judul` text DEFAULT NULL,
  `Deskripsi` text DEFAULT NULL,
  `Di_Kirim` date NOT NULL,
  `Progres` int(3) NOT NULL,
  `Lokasi` varchar(3000) DEFAULT NULL,
  `view` int(11) NOT NULL
) ENGINE=InnoDB DEFAULT CHARSET=utf8mb4;

--
-- Dumping data untuk tabel `JOB_Tabel`
--

INSERT INTO `JOB_Tabel` (`id`, `id_user`, `judul`, `Deskripsi`, `Di_Kirim`, `Progres`, `Lokasi`, `view`) VALUES
(1, 5, 'Sampel Job', '\r\n<!doctype html>\r\n<html lang=\"en\">\r\n  <head>\r\n    <meta charset=\"utf-8\">\r\n<meta name=\"viewport\" content=\"width=device-width, initial-scale=1\">\r\n<meta name=\"description\" content=\"Use border utilities to quickly style the border and border-radius of an element. Great for images, buttons, or any other element.\">\r\n<meta name=\"author\" content=\"Mark Otto, Jacob Thornton, and Bootstrap contributors\">\r\n<meta name=\"generator\" content=\"Hugo 0.79.0\">\r\n\r\n<meta name=\"docsearch:language\" content=\"en\">\r\n<meta name=\"docsearch:version\" content=\"5.0\">\r\n\r\n<title>Borders · Bootstrap v5.0</title>\r\n\r\n<link rel=\"canonical\" href=\"https://getbootstrap.com/docs/5.0/utilities/borders/\">\r\n\r\n\r\n\r\n<!-- Bootstrap core CSS -->\r\n<link href=\"/docs/5.0/dist/css/bootstrap.min.css\" rel=\"stylesheet\" integrity=\"sha384-giJF6kkoqNQ00vy+HMDP7azOuL0xtbfIcaT9wjKHr8RbDVddVHyTfAAsrekwKmP1\" crossorigin=\"anonymous\">\r\n\r\n<link href=\"/docs/5.0/assets/css/docs.css\" rel=\"stylesheet\">\r\n\r\n<!-- Favicons -->\r\n<link rel=\"apple-touch-icon\" href=\"/docs/5.0/assets/img/favicons/apple-touch-icon.png\" sizes=\"180x180\">\r\n<link rel=\"icon\" href=\"/docs/5.0/assets/img/favicons/favicon-32x32.png\" sizes=\"32x32\" type=\"image/png\">\r\n<link rel=\"icon\" href=\"/docs/5.0/assets/img/favicons/favicon-16x16.png\" sizes=\"16x16\" type=\"image/png\">\r\n<link rel=\"manifest\" href=\"/docs/5.0/assets/img/favicons/manifest.json\">\r\n<link rel=\"mask-icon\" href=\"/docs/5.0/assets/img/favicons/safari-pinned-tab.svg\" color=\"#7952b3\">\r\n<link rel=\"icon\" href=\"/docs/5.0/assets/img/favicons/favicon.ico\">\r\n<meta name=\"theme-color\" content=\"#7952b3\">\r\n\r\n<!-- Twitter -->\r\n<meta name=\"twitter:card\" content=\"summary\">\r\n<meta name=\"twitter:site\" content=\"@getbootstrap\">\r\n<meta name=\"twitter:creator\" content=\"@getbootstrap\">\r\n<meta name=\"twitter:title\" content=\"Borders\">\r\n<meta name=\"twitter:description\" content=\"Use border utilities to quickly style the border and border-radius of an element. Great for images, buttons, or any other element.\">\r\n<meta name=\"twitter:image\" content=\"https://getbootstrap.com/docs/5.0/assets/brand/bootstrap-social.png\">\r\n\r\n<!-- Facebook -->\r\n<meta property=\"og:url\" content=\"https://getbootstrap.com/docs/5.0/utilities/borders/\">\r\n<meta property=\"og:title\" content=\"Borders\">\r\n<meta property=\"og:description\" content=\"Use border utilities to quickly style the border and border-radius of an element. Great for images, buttons, or any other element.\">\r\n<meta property=\"og:type\" content=\"article\">\r\n<meta property=\"og:image\" content=\"https://getbootstrap.com/docs/5.0/assets/brand/bootstrap-social.png\">\r\n<meta property=\"og:image:type\" content=\"image/png\">\r\n<meta property=\"og:image:width\" content=\"1000\">\r\n<meta property=\"og:image:height\" content=\"500\">\r\n\r\n<script>\r\n  window.ga=window.ga||function(){(ga.q=ga.q||[]).push(arguments)};ga.l=+new Date;\r\n  ga(\'create\', \'UA-146052-10\', \'getbootstrap.com\');\r\n  ga(\'set\', \'anonymizeIp\', true);\r\n  ga(\'send\', \'pageview\');\r\n</script>\r\n<script async src=\"https://www.google-analytics.com/analytics.js\"></script>\r\n\r\n\r\n  </head>\r\n  <body>\r\n    <div class=\"skippy overflow-hidden\">\r\n  <div class=\"container-xl\">\r\n    <a class=\"visually-hidden-focusable d-inline-flex p-2 m-1\" href=\"#content\">Skip to main content</a>\r\n    <a class=\"visually-hidden-focusable d-none d-md-inline-flex p-2 m-1\" href=\"#bd-docs-nav\">Skip to docs navigation</a>\r\n  </div>\r\n</div>\r\n\r\n\r\n    <header class=\"navbar navbar-expand-md navbar-dark bd-navbar\">\r\n  <nav class=\"container-xxl flex-wrap flex-md-nowrap\" aria-label=\"Main navigation\">\r\n    <a class=\"navbar-brand p-0 me-2\" href=\"/\" aria-label=\"Bootstrap\">\r\n      <svg xmlns=\"http://www.w3.org/2000/svg\" width=\"40\" height=\"32\" class=\"d-block my-1\" viewBox=\"0 0 118 94\" role=\"img\"><title>Bootstrap</title><path fill-rule=\"evenodd\" clip-rule=\"evenodd\" d=\"M24.509 0c-6.733 0-11.715 5.893-11.492 12.284.214 6.14-.064 14.092-2.066 20.577C8.943 39.365 5.547 43.485 0 44.014v5.972c5.547.529 8.943 4.649 10.951 11.153 2.002 6.485 2.28 14.437 2.066 20.577C12.794 88.106 17.776 94 24.51 94H93.5c6.733 0 11.714-5.893 11.491-12.284-.214-6.14.064-14.092 2.066-20.577 2.009-6.504 5.396-10.624 10.943-11.153v-5.972c-5.547-.529-8.934-4.649-10.943-11.153-2.002-6.484-2.28-14.437-2.066-20.577C105.214 5.894 100.233 0 93.5 0H24.508zM80 57.863C80 66.663 73.436 72 62.543 72H44a2 2 0 01-2-2V24a2 2 0 012-2h18.437c9.083 0 15.044 4.92 15.044 12.474 0 5.302-4.01 10.049-9.119 10.88v.277C75.317 46.394 80 51.21 80 57.863zM60.521 28.34H49.948v14.934h8.905c6.884 0 10.68-2.772 10.68-7.727 0-4.643-3.264-7.207-9.012-7.207zM49.948 49.2v16.458H60.91c7.167 0 10.964-2.876 10.964-8.281 0-5.406-3.903-8.178-11.425-8.178H49.948z\" fill=\"currentColor\"/></svg>\r\n    </a>\r\n\r\n    <button class=\"navbar-toggler\" type=\"button\" data-bs-toggle=\"collapse\" data-bs-target=\"#bdNavbar\" aria-controls=\"bdNavbar\" aria-expanded=\"false\" aria-label=\"Toggle navigation\">\r\n      <svg class=\"bi\" viewBox=\"0 0 16 16\" xmlns=\"http://www.w3.org/2000/svg\">\r\n        <path fill-rule=\"evenodd\" d=\"M2.5 11.5A.5.5 0 0 1 3 11h10a.5.5 0 0 1 0 1H3a.5.5 0 0 1-.5-.5zm0-4A.5.5 0 0 1 3 7h10a.5.5 0 0 1 0 1H3a.5.5 0 0 1-.5-.5zm0-4A.5.5 0 0 1 3 3h10a.5.5 0 0 1 0 1H3a.5.5 0 0 1-.5-.5z\"/>\r\n      </svg>\r\n    </button>\r\n\r\n    <div class=\"collapse navbar-collapse\" id=\"bdNavbar\">\r\n      <ul class=\"navbar-nav flex-row flex-wrap bd-navbar-nav pt-2 py-md-0\">\r\n        <li class=\"nav-item col-6 col-md-auto\">\r\n          <a class=\"nav-link p-2\" href=\"/\" onclick=\"ga(\'send\', \'event\', \'Navbar\', \'Community links\', \'Bootstrap\');\">Home</a>\r\n        </li>\r\n        <li class=\"nav-item col-6 col-md-auto\">\r\n          <a class=\"nav-link p-2 active\" aria-current=\"true\" href=\"/docs/5.0/getting-started/introduction/\" onclick=\"ga(\'send\', \'event\', \'Navbar\', \'Community links\', \'Docs\');\">Docs</a>\r\n        </li>\r\n        <li class=\"nav-item col-6 col-md-auto\">\r\n          <a class=\"nav-link p-2\" href=\"/docs/5.0/examples/\" onclick=\"ga(\'send\', \'event\', \'Navbar\', \'Community links\', \'Examples\');\">Examples</a>\r\n        </li>\r\n        <li class=\"nav-item col-6 col-md-auto\">\r\n          <a class=\"nav-link p-2\" href=\"https://icons.getbootstrap.com/\" onclick=\"ga(\'send\', \'event\', \'Navbar\', \'Community links\', \'Icons\');\" target=\"_blank\" rel=\"noopener\">Icons</a>\r\n        </li>\r\n        <li class=\"nav-item col-6 col-md-auto\">\r\n          <a class=\"nav-link p-2\" href=\"https://themes.getbootstrap.com/\" onclick=\"ga(\'send\', \'event\', \'Navbar\', \'Community links\', \'Themes\');\" target=\"_blank\" rel=\"noopener\">Themes</a>\r\n        </li>\r\n        <li class=\"nav-item col-6 col-md-auto\">\r\n          <a class=\"nav-link p-2\" href=\"https://blog.getbootstrap.com/\" onclick=\"ga(\'send\', \'event\', \'Navbar\', \'Community links\', \'Blog\');\" target=\"_blank\" rel=\"noopener\">Blog</a>\r\n        </li>\r\n      </ul>\r\n\r\n      <hr class=\"d-md-none text-white-50\">\r\n\r\n      <ul class=\"navbar-nav flex-row flex-wrap ms-md-auto\">\r\n        <li class=\"nav-item col-6 col-md-auto\">\r\n          <a class=\"nav-link p-2\" href=\"https://github.com/twbs\" target=\"_blank\" rel=\"noopener\">\r\n            <svg xmlns=\"http://www.w3.org/2000/svg\" width=\"36\" height=\"36\" class=\"navbar-nav-svg d-inline-block align-text-top\" viewBox=\"0 0 512 499.36\" role=\"img\"><title>GitHub</title><path fill=\"currentColor\" fill-rule=\"evenodd\" d=\"M256 0C114.64 0 0 114.61 0 256c0 113.09 73.34 209 175.08 242.9 12.8 2.35 17.47-5.56 17.47-12.34 0-6.08-.22-22.18-.35-43.54-71.2 15.49-86.2-34.34-86.2-34.34-11.64-29.57-28.42-37.45-28.42-37.45-23.27-15.84 1.73-15.55 1.73-15.55 25.69 1.81 39.21 26.38 39.21 26.38 22.84 39.12 59.92 27.82 74.5 21.27 2.33-16.54 8.94-27.82 16.25-34.22-56.84-6.43-116.6-28.43-116.6-126.49 0-27.95 10-50.8 26.35-68.69-2.63-6.48-11.42-32.5 2.51-67.75 0 0 21.49-6.88 70.4 26.24a242.65 242.65 0 0 1 128.18 0c48.87-33.13 70.33-26.24 70.33-26.24 14 35.25 5.18 61.27 2.55 67.75 16.41 17.9 26.31 40.75 26.31 68.69 0 98.35-59.85 120-116.88 126.32 9.19 7.9 17.38 23.53 17.38 47.41 0 34.22-.31 61.83-.31 70.23 0 6.85 4.61 14.81 17.6 12.31C438.72 464.97 512 369.08 512 256.02 512 114.62 397.37 0 256 0z\"/></svg>\r\n            <small class=\"d-md-none ms-2\">GitHub</small>\r\n          </a>\r\n        </li>\r\n        <li class=\"nav-item col-6 col-md-auto\">\r\n          <a class=\"nav-link p-2\" href=\"https://twitter.com/getbootstrap\" target=\"_blank\" rel=\"noopener\">\r\n            <svg xmlns=\"http://www.w3.org/2000/svg\" width=\"36\" height=\"36\" class=\"navbar-nav-svg d-inline-block align-text-top\" viewBox=\"0 0 512 416.32\" role=\"img\"><title>Twitter</title><path fill=\"currentColor\" d=\"M160.83 416.32c193.2 0 298.92-160.22 298.92-298.92 0-4.51 0-9-.2-13.52A214 214 0 0 0 512 49.38a212.93 212.93 0 0 1-60.44 16.6 105.7 105.7 0 0 0 46.3-58.19 209 209 0 0 1-66.79 25.37 105.09 105.09 0 0 0-181.73 71.91 116.12 116.12 0 0 0 2.66 24c-87.28-4.3-164.73-46.3-216.56-109.82A105.48 105.48 0 0 0 68 159.6a106.27 106.27 0 0 1-47.53-13.11v1.43a105.28 105.28 0 0 0 84.21 103.06 105.67 105.67 0 0 1-47.33 1.84 105.06 105.06 0 0 0 98.14 72.94A210.72 210.72 0 0 1 25 370.84a202.17 202.17 0 0 1-25-1.43 298.85 298.85 0 0 0 160.83 46.92\"/></svg>\r\n            <small class=\"d-md-none ms-2\">Twitter</small>\r\n          </a>\r\n        </li>\r\n        <li class=\"nav-item col-6 col-md-auto\">\r\n          <a class=\"nav-link p-2\" href=\"https://bootstrap-slack.herokuapp.com/\" target=\"_blank\" rel=\"noopener\">\r\n            <svg xmlns=\"http://www.w3.org/2000/svg\" width=\"36\" height=\"36\" class=\"navbar-nav-svg d-inline-block align-text-top\" viewBox=\"0 0 512 512\" role=\"img\"><title>Slack</title><path fill=\"currentColor\" d=\"M210.787 234.832l68.31-22.883 22.1 65.977-68.309 22.882z\"/><path fill=\"currentColor\" d=\"M490.54 185.6C437.7 9.59 361.6-31.34 185.6 21.46S-31.3 150.4 21.46 326.4 150.4 543.3 326.4 490.54 543.34 361.6 490.54 185.6zM401.7 299.8l-33.15 11.05 11.46 34.38c4.5 13.92-2.87 29.06-16.78 33.56-2.87.82-6.14 1.64-9 1.23a27.32 27.32 0 0 1-24.56-18l-11.46-34.38-68.36 22.92 11.46 34.38c4.5 13.92-2.87 29.06-16.78 33.56-2.87.82-6.14 1.64-9 1.23a27.32 27.32 0 0 1-24.56-18l-11.46-34.43-33.15 11.05c-2.87.82-6.14 1.64-9 1.23a27.32 27.32 0 0 1-24.56-18c-4.5-13.92 2.87-29.06 16.78-33.56l33.12-11.03-22.1-65.9-33.15 11.05c-2.87.82-6.14 1.64-9 1.23a27.32 27.32 0 0 1-24.56-18c-4.48-13.93 2.89-29.07 16.81-33.58l33.15-11.05-11.46-34.38c-4.5-13.92 2.87-29.06 16.78-33.56s29.06 2.87 33.56 16.78l11.46 34.38 68.36-22.92-11.46-34.38c-4.5-13.92 2.87-29.06 16.78-33.56s29.06 2.87 33.56 16.78l11.47 34.42 33.15-11.05c13.92-4.5 29.06 2.87 33.56 16.78s-2.87 29.06-16.78 33.56L329.7 194.6l22.1 65.9 33.15-11.05c13.92-4.5 29.06 2.87 33.56 16.78s-2.88 29.07-16.81 33.57z\"/></svg>\r\n            <small class=\"d-md-none ms-2\">Slack</small>\r\n          </a>\r\n        </li>\r\n        <li class=\"nav-item col-6 col-md-auto\">\r\n          <a class=\"nav-link p-2\" href=\"https://opencollective.com/bootstrap\" target=\"_blank\" rel=\"noopener\">\r\n            <svg xmlns=\"http://www.w3.org/2000/svg\" width=\"36\" height=\"36\" fill=\"currentColor\" fill-rule=\"evenodd\" class=\"navbar-nav-svg d-inline-block align-text-top\" viewBox=\"0 0 40 41\" role=\"img\"><title>Open Collective</title><path fill-opacity=\".4\" d=\"M32.8 21c0 2.4-.8 4.9-2 6.9l5.1 5.1c2.5-3.4 4.1-7.6 4.1-12 0-4.6-1.6-8.8-4-12.2L30.7 14c1.2 2 2 4.3 2 7z\"/><path d=\"M20 33.7a12.8 12.8 0 0 1 0-25.6c2.6 0 5 .7 7 2.1L32 5a20 20 0 1 0 .1 31.9l-5-5.2a13 13 0 0 1-7 2z\"/></svg>\r\n            <small class=\"d-md-none ms-2\">Open Collective</small>\r\n          </a>\r\n        </li>\r\n      </ul>\r\n\r\n      <a class=\"btn btn-bd-download d-lg-inline-block my-2 my-md-0 ms-md-3\" href=\"/docs/5.0/getting-started/download/\">Download</a>\r\n    </div>\r\n  </nav>\r\n</header>\r\n\r\n\r\n    \r\n  <nav class=\"bd-subnavbar py-2\" aria-label=\"Secondary navigation\">\r\n  <div class=\"container-xxl d-flex align-items-md-center\">\r\n    <form class=\"bd-search position-relative me-auto\">\r\n      <input type=\"search\" class=\"form-control\" id=\"search-input\" placeholder=\"Search docs...\" aria-label=\"Search docs for...\" autocomplete=\"off\" data-bd-docs-version=\"5.0\">\r\n    </form>\r\n\r\n    <div class=\"dropdown ms-3\">\r\n  <button class=\"btn btn-bd-light dropdown-toggle\" id=\"bd-versions\" data-bs-toggle=\"dropdown\" aria-expanded=\"false\" data-bs-display=\"static\">\r\n    <span class=\"d-none d-lg-inline\">Bootstrap</span> v5.0\r\n  </button>\r\n  <ul class=\"dropdown-menu dropdown-menu-end\" aria-labelledby=\"bd-versions\">\r\n    <li><a class=\"dropdown-item current\" aria-current=\"true\" href=\"/docs/5.0/\">Latest (5.0.x)</a></li>\r\n    <li><hr class=\"dropdown-divider\"></li>\r\n    <li><a class=\"dropdown-item\" href=\"https://getbootstrap.com/docs/4.5/\">v4.5.x</a></li>\r\n    <li><a class=\"dropdown-item\" href=\"https://getbootstrap.com/docs/3.4/\">v3.4.1</a></li>\r\n    <li><a class=\"dropdown-item\" href=\"https://getbootstrap.com/2.3.2/\">v2.3.2</a></li>\r\n    <li><hr class=\"dropdown-divider\"></li>\r\n    <li><a class=\"dropdown-item\" href=\"/docs/versions/\">All versions</a></li>\r\n  </ul>\r\n</div>\r\n\r\n\r\n    <button class=\"btn bd-sidebar-toggle d-md-none py-0 px-1 ms-3 order-3 collapsed\" type=\"button\" data-bs-toggle=\"collapse\" data-bs-target=\"#bd-docs-nav\" aria-controls=\"bd-docs-nav\" aria-expanded=\"false\" aria-label=\"Toggle docs navigation\">\r\n      <svg xmlns=\"http://www.w3.org/2000/svg\" width=\"24\" height=\"24\" class=\"bi bi-expand\" viewBox=\"0 0 16 16\">\r\n  <title>Expand</title>\r\n  <path fill-rule=\"evenodd\" d=\"M1 8a.5.5 0 0 1 .5-.5h13a.5.5 0 0 1 0 1h-13A.5.5 0 0 1 1 8zM7.646.146a.5.5 0 0 1 .708 0l2 2a.5.5 0 0 1-.708.708L8.5 1.707V5.5a.5.5 0 0 1-1 0V1.707L6.354 2.854a.5.5 0 1 1-.708-.708l2-2zM8 10a.5.5 0 0 1 .5.5v3.793l1.146-1.147a.5.5 0 0 1 .708.708l-2 2a.5.5 0 0 1-.708 0l-2-2a.5.5 0 0 1 .708-.708L7.5 14.293V10.5A.5.5 0 0 1 8 10z\"/>\r\n</svg>\r\n\r\n      <svg xmlns=\"http://www.w3.org/2000/svg\" width=\"24\" height=\"24\" class=\"bi bi-collapse\" viewBox=\"0 0 16 16\">\r\n  <title>Collapse</title>\r\n  <path fill-rule=\"evenodd\" d=\"M1 8a.5.5 0 0 1 .5-.5h13a.5.5 0 0 1 0 1h-13A.5.5 0 0 1 1 8zm7-8a.5.5 0 0 1 .5.5v3.793l1.146-1.147a.5.5 0 0 1 .708.708l-2 2a.5.5 0 0 1-.708 0l-2-2a.5.5 0 1 1 .708-.708L7.5 4.293V.5A.5.5 0 0 1 8 0zm-.5 11.707l-1.146 1.147a.5.5 0 0 1-.708-.708l2-2a.5.5 0 0 1 .708 0l2 2a.5.5 0 0 1-.708.708L8.5 11.707V15.5a.5.5 0 0 1-1 0v-3.793z\"/>\r\n</svg>\r\n\r\n    </button>\r\n  </div>\r\n</nav>\r\n\r\n\r\n  <div class=\"container-xxl my-md-4 bd-layout\">\r\n    <aside class=\"bd-sidebar\">\r\n      <nav class=\"collapse bd-links\" id=\"bd-docs-nav\" aria-label=\"Docs navigation\"><ul class=\"list-unstyled mb-0 py-3 pt-md-1\">\r\n\r\n    <li class=\"mb-1\">\r\n      <button class=\"btn d-inline-flex align-items-center rounded collapsed\" data-bs-toggle=\"collapse\" data-bs-target=\"#getting-started-collapse\" aria-expanded=\"false\">\r\n        Getting started\r\n      </button>\r\n      <div class=\"collapse\" id=\"getting-started-collapse\">\r\n        <ul class=\"list-unstyled fw-normal pb-1 small\">\r\n            <li><a href=\"/docs/5.0/getting-started/introduction/\" class=\"d-inline-flex align-items-center rounded\">Introduction</a></li>\r\n            <li><a href=\"/docs/5.0/getting-started/download/\" class=\"d-inline-flex align-items-center rounded\">Download</a></li>\r\n            <li><a href=\"/docs/5.0/getting-started/contents/\" class=\"d-inline-flex align-items-center rounded\">Contents</a></li>\r\n            <li><a href=\"/docs/5.0/getting-started/browsers-devices/\" class=\"d-inline-flex align-items-center rounded\">Browsers &amp; devices</a></li>\r\n            <li><a href=\"/docs/5.0/getting-started/javascript/\" class=\"d-inline-flex align-items-center rounded\">JavaScript</a></li>\r\n            <li><a href=\"/docs/5.0/getting-started/build-tools/\" class=\"d-inline-flex align-items-center rounded\">Build tools</a></li>\r\n            <li><a href=\"/docs/5.0/getting-started/webpack/\" class=\"d-inline-flex align-items-center rounded\">Webpack</a></li>\r\n            <li><a href=\"/docs/5.0/getting-started/accessibility/\" class=\"d-inline-flex align-items-center rounded\">Accessibility</a></li>\r\n            <li><a href=\"/docs/5.0/getting-started/rfs/\" class=\"d-inline-flex align-items-center rounded\">RFS</a></li>\r\n            <li><a href=\"/docs/5.0/getting-started/rtl/\" class=\"d-inline-flex align-items-center rounded\">RTL</a></li>\r\n        </ul>\r\n      </div>\r\n    </li>\r\n\r\n    <li class=\"mb-1\">\r\n      <button class=\"btn d-inline-flex align-items-center rounded collapsed\" data-bs-toggle=\"collapse\" data-bs-target=\"#customize-collapse\" aria-expanded=\"false\">\r\n        Customize\r\n      </button>\r\n      <div class=\"collapse\" id=\"customize-collapse\">\r\n        <ul class=\"list-unstyled fw-normal pb-1 small\">\r\n            <li><a href=\"/docs/5.0/customize/overview/\" class=\"d-inline-flex align-items-center rounded\">Overview</a></li>\r\n            <li><a href=\"/docs/5.0/customize/sass/\" class=\"d-inline-flex align-items-center rounded\">Sass</a></li>\r\n            <li><a href=\"/docs/5.0/customize/options/\" class=\"d-inline-flex align-items-center rounded\">Options</a></li>\r\n            <li><a href=\"/docs/5.0/customize/color/\" class=\"d-inline-flex align-items-center rounded\">Color</a></li>\r\n            <li><a href=\"/docs/5.0/customize/components/\" class=\"d-inline-flex align-items-center rounded\">Components</a></li>\r\n            <li><a href=\"/docs/5.0/customize/css-variables/\" class=\"d-inline-flex align-items-center rounded\">CSS variables</a></li>\r\n            <li><a href=\"/docs/5.0/customize/optimize/\" class=\"d-inline-flex align-items-center rounded\">Optimize</a></li>\r\n        </ul>\r\n      </div>\r\n    </li>\r\n\r\n    <li class=\"mb-1\">\r\n      <button class=\"btn d-inline-flex align-items-center rounded collapsed\" data-bs-toggle=\"collapse\" data-bs-target=\"#layout-collapse\" aria-expanded=\"false\">\r\n        Layout\r\n      </button>\r\n      <div class=\"collapse\" id=\"layout-collapse\">\r\n        <ul class=\"list-unstyled fw-normal pb-1 small\">\r\n            <li><a href=\"/docs/5.0/layout/breakpoints/\" class=\"d-inline-flex align-items-center rounded\">Breakpoints</a></li>\r\n            <li><a href=\"/docs/5.0/layout/containers/\" class=\"d-inline-flex align-items-center rounded\">Containers</a></li>\r\n            <li><a href=\"/docs/5.0/layout/grid/\" class=\"d-inline-flex align-items-center rounded\">Grid</a></li>\r\n            <li><a href=\"/docs/5.0/layout/columns/\" class=\"d-inline-flex align-items-center rounded\">Columns</a></li>\r\n            <li><a href=\"/docs/5.0/layout/gutters/\" class=\"d-inline-flex align-items-center rounded\">Gutters</a></li>\r\n            <li><a href=\"/docs/5.0/layout/utilities/\" class=\"d-inline-flex align-items-center rounded\">Utilities</a></li>\r\n            <li><a href=\"/docs/5.0/layout/z-index/\" class=\"d-inline-flex align-items-center rounded\">Z-index</a></li>\r\n        </ul>\r\n      </div>\r\n    </li>\r\n\r\n    <li class=\"mb-1\">\r\n      <button class=\"btn d-inline-flex align-items-center rounded collapsed\" data-bs-toggle=\"collapse\" data-bs-target=\"#content-collapse\" aria-expanded=\"false\">\r\n        Content\r\n      </button>\r\n      <div class=\"collapse\" id=\"content-collapse\">\r\n        <ul class=\"list-unstyled fw-normal pb-1 small\">\r\n            <li><a href=\"/docs/5.0/content/reboot/\" class=\"d-inline-flex align-items-center rounded\">Reboot</a></li>\r\n            <li><a href=\"/docs/5.0/content/typography/\" class=\"d-inline-flex align-items-center rounded\">Typography</a></li>\r\n            <li><a href=\"/docs/5.0/content/images/\" class=\"d-inline-flex align-items-center rounded\">Images</a></li>\r\n            <li><a href=\"/docs/5.0/content/tables/\" class=\"d-inline-flex align-items-center rounded\">Tables</a></li>\r\n            <li><a href=\"/docs/5.0/content/figures/\" class=\"d-inline-flex align-items-center rounded\">Figures</a></li>\r\n        </ul>\r\n      </div>\r\n    </li>\r\n\r\n    <li class=\"mb-1\">\r\n      <button class=\"btn d-inline-flex align-items-center rounded collapsed\" data-bs-toggle=\"collapse\" data-bs-target=\"#forms-collapse\" aria-expanded=\"false\">\r\n        Forms\r\n      </button>\r\n      <div class=\"collapse\" id=\"forms-collapse\">\r\n        <ul class=\"list-unstyled fw-normal pb-1 small\">\r\n            <li><a href=\"/docs/5.0/forms/overview/\" class=\"d-inline-flex align-items-center rounded\">Overview</a></li>\r\n            <li><a href=\"/docs/5.0/forms/form-control/\" class=\"d-inline-flex align-items-center rounded\">Form control</a></li>\r\n            <li><a href=\"/docs/5.0/forms/select/\" class=\"d-inline-flex align-items-center rounded\">Select</a></li>\r\n            <li><a href=\"/docs/5.0/forms/checks-radios/\" class=\"d-inline-flex align-items-center rounded\">Checks &amp; radios</a></li>\r\n            <li><a href=\"/docs/5.0/forms/range/\" class=\"d-inline-flex align-items-center rounded\">Range</a></li>\r\n            <li><a href=\"/docs/5.0/forms/input-group/\" class=\"d-inline-flex align-items-center rounded\">Input group</a></li>\r\n            <li><a href=\"/docs/5.0/forms/floating-labels/\" class=\"d-inline-flex align-items-center rounded\">Floating labels</a></li>\r\n            <li><a href=\"/docs/5.0/forms/layout/\" class=\"d-inline-flex align-items-center rounded\">Layout</a></li>\r\n            <li><a href=\"/docs/5.0/forms/validation/\" class=\"d-inline-flex align-items-center rounded\">Validation</a></li>\r\n        </ul>\r\n      </div>\r\n    </li>\r\n\r\n    <li class=\"mb-1\">\r\n      <button class=\"btn d-inline-flex align-items-center rounded collapsed\" data-bs-toggle=\"collapse\" data-bs-target=\"#components-collapse\" aria-expanded=\"false\">\r\n        Components\r\n      </button>\r\n      <div class=\"collapse\" id=\"components-collapse\">\r\n        <ul class=\"list-unstyled fw-normal pb-1 small\">\r\n            <li><a href=\"/docs/5.0/components/accordion/\" class=\"d-inline-flex align-items-center rounded\">Accordion</a></li>\r\n            <li><a href=\"/docs/5.0/components/alerts/\" class=\"d-inline-flex align-items-center rounded\">Alerts</a></li>\r\n            <li><a href=\"/docs/5.0/components/badge/\" class=\"d-inline-flex align-items-center rounded\">Badge</a></li>\r\n            <li><a href=\"/docs/5.0/components/breadcrumb/\" class=\"d-inline-flex align-items-center rounded\">Breadcrumb</a></li>\r\n            <li><a href=\"/docs/5.0/components/buttons/\" class=\"d-inline-flex align-items-center rounded\">Buttons</a></li>\r\n            <li><a href=\"/docs/5.0/components/button-group/\" class=\"d-inline-flex align-items-center rounded\">Button group</a></li>\r\n            <li><a href=\"/docs/5.0/components/card/\" class=\"d-inline-flex align-items-center rounded\">Card</a></li>\r\n            <li><a href=\"/docs/5.0/components/carousel/\" class=\"d-inline-flex align-items-center rounded\">Carousel</a></li>\r\n            <li><a href=\"/docs/5.0/components/close-button/\" class=\"d-inline-flex align-items-center rounded\">Close button</a></li>\r\n            <li><a href=\"/docs/5.0/components/collapse/\" class=\"d-inline-flex align-items-center rounded\">Collapse</a></li>\r\n            <li><a href=\"/docs/5.0/components/dropdowns/\" class=\"d-inline-flex align-items-center rounded\">Dropdowns</a></li>\r\n            <li><a href=\"/docs/5.0/components/list-group/\" class=\"d-inline-flex align-items-center rounded\">List group</a></li>\r\n            <li><a href=\"/docs/5.0/components/modal/\" class=\"d-inline-flex align-items-center rounded\">Modal</a></li>\r\n            <li><a href=\"/docs/5.0/components/navs-tabs/\" class=\"d-inline-flex align-items-center rounded\">Navs &amp; tabs</a></li>\r\n            <li><a href=\"/docs/5.0/components/navbar/\" class=\"d-inline-flex align-items-center rounded\">Navbar</a></li>\r\n            <li><a href=\"/docs/5.0/components/pagination/\" class=\"d-inline-flex align-items-center rounded\">Pagination</a></li>\r\n            <li><a href=\"/docs/5.0/components/popovers/\" class=\"d-inline-flex align-items-center rounded\">Popovers</a></li>\r\n            <li><a href=\"/docs/5.0/components/progress/\" class=\"d-inline-flex align-items-center rounded\">Progress</a></li>\r\n            <li><a href=\"/docs/5.0/components/scrollspy/\" class=\"d-inline-flex align-items-center rounded\">Scrollspy</a></li>\r\n            <li><a href=\"/docs/5.0/components/spinners/\" class=\"d-inline-flex align-items-center rounded\">Spinners</a></li>\r\n            <li><a href=\"/docs/5.0/components/toasts/\" class=\"d-inline-flex align-items-center rounded\">Toasts</a></li>\r\n            <li><a href=\"/docs/5.0/components/tooltips/\" class=\"d-inline-flex align-items-center rounded\">Tooltips</a></li>\r\n        </ul>\r\n      </div>\r\n    </li>\r\n\r\n    <li class=\"mb-1\">\r\n      <button class=\"btn d-inline-flex align-items-center rounded collapsed\" data-bs-toggle=\"collapse\" data-bs-target=\"#helpers-collapse\" aria-expanded=\"false\">\r\n        Helpers\r\n      </button>\r\n      <div class=\"collapse\" id=\"helpers-collapse\">\r\n        <ul class=\"list-unstyled fw-normal pb-1 small\">\r\n            <li><a href=\"/docs/5.0/helpers/clearfix/\" class=\"d-inline-flex align-items-center rounded\">Clearfix</a></li>\r\n            <li><a href=\"/docs/5.0/helpers/colored-links/\" class=\"d-inline-flex align-items-center rounded\">Colored links</a></li>\r\n            <li><a href=\"/docs/5.0/helpers/ratio/\" class=\"d-inline-flex align-items-center rounded\">Ratio</a></li>\r\n            <li><a href=\"/docs/5.0/helpers/position/\" class=\"d-inline-flex align-items-center rounded\">Position</a></li>\r\n            <li><a href=\"/docs/5.0/helpers/visually-hidden/\" class=\"d-inline-flex align-items-center rounded\">Visually hidden</a></li>\r\n            <li><a href=\"/docs/5.0/helpers/stretched-link/\" class=\"d-inline-flex align-items-center rounded\">Stretched link</a></li>\r\n            <li><a href=\"/docs/5.0/helpers/text-truncation/\" class=\"d-inline-flex align-items-center rounded\">Text truncation</a></li>\r\n        </ul>\r\n      </div>\r\n    </li>\r\n\r\n    <li class=\"mb-1 active\">\r\n      <button class=\"btn d-inline-flex align-items-center rounded\" data-bs-toggle=\"collapse\" data-bs-target=\"#utilities-collapse\" aria-expanded=\"true\" aria-current=\"true\">\r\n        Utilities\r\n      </button>\r\n      <div class=\"collapse show\" id=\"utilities-collapse\">\r\n        <ul class=\"list-unstyled fw-normal pb-1 small\">\r\n            <li><a href=\"/docs/5.0/utilities/api/\" class=\"d-inline-flex align-items-center rounded\">API</a></li>\r\n            <li><a href=\"/docs/5.0/utilities/borders/\" class=\"d-inline-flex align-items-center rounded active\" aria-current=\"page\">Borders</a></li>\r\n            <li><a href=\"/docs/5.0/utilities/colors/\" class=\"d-inline-flex align-items-center rounded\">Colors</a></li>\r\n            <li><a href=\"/docs/5.0/utilities/display/\" class=\"d-inline-flex align-items-center rounded\">Display</a></li>\r\n            <li><a href=\"/docs/5.0/utilities/flex/\" class=\"d-inline-flex align-items-center rounded\">Flex</a></li>\r\n            <li><a href=\"/docs/5.0/utilities/float/\" class=\"d-inline-flex align-items-center rounded\">Float</a></li>\r\n            <li><a href=\"/docs/5.0/utilities/interactions/\" class=\"d-inline-flex align-items-center rounded\">Interactions</a></li>\r\n            <li><a href=\"/docs/5.0/utilities/overflow/\" class=\"d-inline-flex align-items-center rounded\">Overflow</a></li>\r\n            <li><a href=\"/docs/5.0/utilities/position/\" class=\"d-inline-flex align-items-center rounded\">Position</a></li>\r\n            <li><a href=\"/docs/5.0/utilities/shadows/\" class=\"d-inline-flex align-items-center rounded\">Shadows</a></li>\r\n            <li><a href=\"/docs/5.0/utilities/sizing/\" class=\"d-inline-flex align-items-center rounded\">Sizing</a></li>\r\n            <li><a href=\"/docs/5.0/utilities/spacing/\" class=\"d-inline-flex align-items-center rounded\">Spacing</a></li>\r\n            <li><a href=\"/docs/5.0/utilities/text/\" class=\"d-inline-flex align-items-center rounded\">Text</a></li>\r\n            <li><a href=\"/docs/5.0/utilities/vertical-align/\" class=\"d-inline-flex align-items-center rounded\">Vertical align</a></li>\r\n            <li><a href=\"/docs/5.0/utilities/visibility/\" class=\"d-inline-flex align-items-center rounded\">Visibility</a></li>\r\n        </ul>\r\n      </div>\r\n    </li>\r\n\r\n    <li class=\"mb-1\">\r\n      <button class=\"btn d-inline-flex align-items-center rounded collapsed\" data-bs-toggle=\"collapse\" data-bs-target=\"#extend-collapse\" aria-expanded=\"false\">\r\n        Extend\r\n      </button>\r\n      <div class=\"collapse\" id=\"extend-collapse\">\r\n        <ul class=\"list-unstyled fw-normal pb-1 small\">\r\n            <li><a href=\"/docs/5.0/extend/approach/\" class=\"d-inline-flex align-items-center rounded\">Approach</a></li>\r\n            <li><a href=\"/docs/5.0/extend/icons/\" class=\"d-inline-flex align-items-center rounded\">Icons</a></li>\r\n        </ul>\r\n      </div>\r\n    </li>\r\n\r\n    <li class=\"mb-1\">\r\n      <button class=\"btn d-inline-flex align-items-center rounded collapsed\" data-bs-toggle=\"collapse\" data-bs-target=\"#about-collapse\" aria-expanded=\"false\">\r\n        About\r\n      </button>\r\n      <div class=\"collapse\" id=\"about-collapse\">\r\n        <ul class=\"list-unstyled fw-normal pb-1 small\">\r\n            <li><a href=\"/docs/5.0/about/overview/\" class=\"d-inline-flex align-items-center rounded\">Overview</a></li>\r\n            <li><a href=\"/docs/5.0/about/team/\" class=\"d-inline-flex align-items-center rounded\">Team</a></li>\r\n            <li><a href=\"/docs/5.0/about/brand/\" class=\"d-inline-flex align-items-center rounded\">Brand</a></li>\r\n            <li><a href=\"/docs/5.0/about/license/\" class=\"d-inline-flex align-items-center rounded\">License</a></li>\r\n            <li><a href=\"/docs/5.0/about/translations/\" class=\"d-inline-flex align-items-center rounded\">Translations</a></li>\r\n        </ul>\r\n      </div>\r\n    </li>\r\n\r\n    <li class=\"my-3 mx-4 border-top\"></li>\r\n    <li>\r\n      <a href=\"/docs/5.0/migration/\" class=\"d-inline-flex align-items-center rounded\">\r\n        Migration\r\n      </a>\r\n    </li>\r\n  </ul>\r\n</nav>\r\n\r\n    </aside>\r\n\r\n    <main class=\"bd-main order-1\">\r\n      <div class=\"bd-intro ps-lg-4\">\r\n        <div class=\"d-md-flex flex-md-row-reverse align-items-center justify-content-between\">\r\n          <a class=\"btn btn-sm btn-bd-light mb-2 mb-md-0\" href=\"https://github.com/twbs/bootstrap/blob/main/site/content/docs/5.0/utilities/borders.md\" title=\"View and edit this file on GitHub\" target=\"_blank\" rel=\"noopener\">View on GitHub</a>\r\n          <h1 class=\"bd-title\" id=\"content\">Borders</h1>\r\n        </div>\r\n        <p class=\"bd-lead\">Use border utilities to quickly style the border and border-radius of an element. Great for images, buttons, or any other element.</p>\r\n        <script async src=\"https://cdn.carbonads.com/carbon.js?serve=CKYIKKJL&placement=getbootstrapcom\" id=\"_carbonads_js\"></script>\r\n\r\n      </div>\r\n\r\n      \r\n        <div class=\"bd-toc mt-4 mb-5 my-md-0 ps-xl-3 mb-lg-5 text-muted\">\r\n          <strong class=\"d-block h6 my-2 pb-2 border-bottom\">On this page</strong>\r\n          <nav id=\"TableOfContents\">\r\n  <ul>\r\n    <li><a href=\"#border\">Border</a>\r\n      <ul>\r\n        <li><a href=\"#additive\">Additive</a></li>\r\n        <li><a href=\"#subtractive\">Subtractive</a></li>\r\n      </ul>\r\n    </li>\r\n    <li><a href=\"#border-color\">Border color</a></li>\r\n    <li><a href=\"#border-width\">Border-width</a></li>\r\n    <li><a href=\"#border-radius\">Border-radius</a>\r\n      <ul>\r\n        <li><a href=\"#sizes\">Sizes</a></li>\r\n      </ul>\r\n    </li>\r\n  </ul>\r\n</nav>\r\n        </div>\r\n      \r\n\r\n      <div class=\"bd-content ps-lg-4\">\r\n        \r\n\r\n        <h2 id=\"border\">Border</h2>\r\n<p>Use border utilities to add or remove an element&rsquo;s borders. Choose from all borders or one at a time.</p>\r\n<h3 id=\"additive\">Additive</h3>\r\n<div class=\"bd-example bd-example-border-utils\">\r\n<span class=\"border\"></span>\r\n<span class=\"border-top\"></span>\r\n<span class=\"border-end\"></span>\r\n<span class=\"border-bottom\"></span>\r\n<span class=\"border-start\"></span>\r\n</div><div class=\"highlight\"><pre class=\"chroma\"><code class=\"language-html\" data-lang=\"html\"><span class=\"p\">&lt;</span><span class=\"nt\">span</span> <span class=\"na\">class</span><span class=\"o\">=</span><span class=\"s\">&#34;border&#34;</span><span class=\"p\">&gt;&lt;/</span><span class=\"nt\">span</span><span class=\"p\">&gt;</span>\r\n<span class=\"p\">&lt;</span><span class=\"nt\">span</span> <span class=\"na\">class</span><span class=\"o\">=</span><span class=\"s\">&#34;border-top&#34;</span><span class=\"p\">&gt;&lt;/</span><span class=\"nt\">span</span><span class=\"p\">&gt;</span>\r\n<span class=\"p\">&lt;</span><span class=\"nt\">span</span> <span class=\"na\">class</span><span class=\"o\">=</span><span class=\"s\">&#34;border-end&#34;</span><span class=\"p\">&gt;&lt;/</span><span class=\"nt\">span</span><span class=\"p\">&gt;</span>\r\n<span class=\"p\">&lt;</span><span class=\"nt\">span</span> <span class=\"na\">class</span><span class=\"o\">=</span><span class=\"s\">&#34;border-bottom&#34;</span><span class=\"p\">&gt;&lt;/</span><span class=\"nt\">span</span><span class=\"p\">&gt;</span>\r\n<span class=\"p\">&lt;</span><span class=\"nt\">span</span> <span class=\"na\">class</span><span class=\"o\">=</span><span class=\"s\">&#34;border-start&#34;</span><span class=\"p\">&gt;&lt;/</span><span class=\"nt\">span</span><span class=\"p\">&gt;</span></code></pre></div>\r\n<h3 id=\"subtractive\">Subtractive</h3>\r\n<div class=\"bd-example bd-example-border-utils bd-example-border-utils-0\">\r\n<span class=\"border-0\"></span>\r\n<span class=\"border-top-0\"></span>\r\n<span class=\"border-end-0\"></span>\r\n<span class=\"border-bottom-0\"></span>\r\n<span class=\"border-start-0\"></span>\r\n</div><div class=\"highlight\"><pre class=\"chroma\"><code class=\"language-html\" data-lang=\"html\"><span class=\"p\">&lt;</span><span class=\"nt\">span</span> <span class=\"na\">class</span><span class=\"o\">=</span><span class=\"s\">&#34;border-0&#34;</span><span class=\"p\">&gt;&lt;/</span><span class=\"nt\">span</span><span class=\"p\">&gt;</span>\r\n<span class=\"p\">&lt;</span><span class=\"nt\">span</span> <span class=\"na\">class</span><span class=\"o\">=</span><span class=\"s\">&#34;border-top-0&#34;</span><span class=\"p\">&gt;&lt;/</span><span class=\"nt\">span</span><span class=\"p\">&gt;</span>\r\n<span class=\"p\">&lt;</span><span class=\"nt\">span</span> <span class=\"na\">class</span><span class=\"o\">=</span><span class=\"s\">&#34;border-end-0&#34;</span><span class=\"p\">&gt;&lt;/</span><span class=\"nt\">span</span><span class=\"p\">&gt;</span>\r\n<span class=\"p\">&lt;</span><span class=\"nt\">span</span> <span class=\"na\">class</span><span class=\"o\">=</span><span class=\"s\">&#34;border-bottom-0&#34;</span><span class=\"p\">&gt;&lt;/</span><span class=\"nt\">span</span><span class=\"p\">&gt;</span>\r\n<span class=\"p\">&lt;</span><span class=\"nt\">span</span> <span class=\"na\">class</span><span class=\"o\">=</span><span class=\"s\">&#34;border-start-0&#34;</span><span class=\"p\">&gt;&lt;/</span><span class=\"nt\">span</span><span class=\"p\">&gt;</span></code></pre></div>\r\n<h2 id=\"border-color\">Border color</h2>\r\n<p>Change the border color using utilities built on our theme colors.</p>\r\n<div class=\"bd-example bd-example-border-utils\">\r\n\r\n<span class=\"border border-primary\"></span>\r\n<span class=\"border border-secondary\"></span>\r\n<span class=\"border border-success\"></span>\r\n<span class=\"border border-danger\"></span>\r\n<span class=\"border border-warning\"></span>\r\n<span class=\"border border-info\"></span>\r\n<span class=\"border border-light\"></span>\r\n<span class=\"border border-dark\"></span>\r\n<span class=\"border border-white\"></span>\r\n</div><div class=\"highlight\"><pre class=\"chroma\"><code class=\"language-html\" data-lang=\"html\"><span class=\"p\">&lt;</span><span class=\"nt\">span</span> <span class=\"na\">class</span><span class=\"o\">=</span><span class=\"s\">&#34;border border-primary&#34;</span><span class=\"p\">&gt;&lt;/</span><span class=\"nt\">span</span><span class=\"p\">&gt;</span>\r\n<span class=\"p\">&lt;</span><span class=\"nt\">span</span> <span class=\"na\">class</span><span class=\"o\">=</span><span class=\"s\">&#34;border border-secondary&#34;</span><span class=\"p\">&gt;&lt;/</span><span class=\"nt\">span</span><span class=\"p\">&gt;</span>\r\n<span class=\"p\">&lt;</span><span class=\"nt\">span</span> <span class=\"na\">class</span><span class=\"o\">=</span><span class=\"s\">&#34;border border-success&#34;</span><span class=\"p\">&gt;&lt;/</span><span class=\"nt\">span</span><span class=\"p\">&gt;</span>\r\n<span class=\"p\">&lt;</span><span class=\"nt\">span</span> <span class=\"na\">class</span><span class=\"o\">=</span><span class=\"s\">&#34;border border-danger&#34;</span><span class=\"p\">&gt;&lt;/</span><span class=\"nt\">span</span><span class=\"p\">&gt;</span>\r\n<span class=\"p\">&lt;</span><span class=\"nt\">span</span> <span class=\"na\">class</span><span class=\"o\">=</span><span class=\"s\">&#34;border border-warning&#34;</span><span class=\"p\">&gt;&lt;/</span><span class=\"nt\">span</span><span class=\"p\">&gt;</span>\r\n<span class=\"p\">&lt;</span><span class=\"nt\">span</span> <span class=\"na\">class</span><span class=\"o\">=</span><span class=\"s\">&#34;border border-info&#34;</span><span class=\"p\">&gt;&lt;/</span><span class=\"nt\">span</span><span class=\"p\">&gt;</span>\r\n<span class=\"p\">&lt;</span><span class=\"nt\">span</span> <span class=\"na\">class</span><span class=\"o\">=</span><span class=\"s\">&#34;border border-light&#34;</span><span class=\"p\">&gt;&lt;/</span><span class=\"nt\">span</span><span class=\"p\">&gt;</span>\r\n<span class=\"p\">&lt;</span><span class=\"nt\">span</span> <span class=\"na\">class</span><span class=\"o\">=</span><span class=\"s\">&#34;border border-dark&#34;</span><span class=\"p\">&gt;&lt;/</span><span class=\"nt\">span</span><span class=\"p\">&gt;</span>\r\n<span class=\"p\">&lt;</span><span class=\"nt\">span</span> <span class=\"na\">class</span><span class=\"o\">=</span><span class=\"s\">&#34;border border-white&#34;</span><span class=\"p\">&gt;&lt;/</span><span class=\"nt\">span</span><span class=\"p\">&gt;</span></code></pre></div>\r\n<h2 id=\"border-width\">Border-width</h2>\r\n<div class=\"bd-example bd-example-border-utils\">\r\n<span class=\"border border-1\"></span>\r\n<span class=\"border border-2\"></span>\r\n<span class=\"border border-3\"></span>\r\n<span class=\"border border-4\"></span>\r\n<span class=\"border border-5\"></span>\r\n</div><div class=\"highlight\"><pre class=\"chroma\"><code class=\"language-html\" data-lang=\"html\"><span class=\"p\">&lt;</span><span class=\"nt\">span</span> <span class=\"na\">class</span><span class=\"o\">=</span><span class=\"s\">&#34;border border-1&#34;</span><span class=\"p\">&gt;&lt;/</span><span class=\"nt\">span</span><span class=\"p\">&gt;</span>\r\n<span class=\"p\">&lt;</span><span class=\"nt\">span</span> <span class=\"na\">class</span><span class=\"o\">=</span><span class=\"s\">&#34;border border-2&#34;</span><span class=\"p\">&gt;&lt;/</span><span class=\"nt\">span</span><span class=\"p\">&gt;</span>\r\n<span class=\"p\">&lt;</span><span class=\"nt\">span</span> <span class=\"na\">class</span><span class=\"o\">=</span><span class=\"s\">&#34;border border-3&#34;</span><span class=\"p\">&gt;&lt;/</span><span class=\"nt\">span</span><span class=\"p\">&gt;</span>\r\n<span class=\"p\">&lt;</span><span class=\"nt\">span</span> <span class=\"na\">class</span><span class=\"o\">=</span><span class=\"s\">&#34;border border-4&#34;</span><span class=\"p\">&gt;&lt;/</span><span class=\"nt\">span</span><span class=\"p\">&gt;</span>\r\n<span class=\"p\">&lt;</span><span class=\"nt\">span</span> <span class=\"na\">class</span><span class=\"o\">=</span><span class=\"s\">&#34;border border-5&#34;</span><span class=\"p\">&gt;&lt;/</span><span class=\"nt\">span</span><span class=\"p\">&gt;</span></code></pre></div>\r\n<h2 id=\"border-radius\">Border-radius</h2>\r\n<p>Add classes to an element to easily round its corners.</p>\r\n<div class=\"bd-example bd-example-rounded-utils\">\r\n<svg class=\"bd-placeholder-img rounded\" width=\"75\" height=\"75\" xmlns=\"http://www.w3.org/2000/svg\" role=\"img\" aria-label=\"Example rounded image: 75x75\" preserveAspectRatio=\"xMidYMid slice\" focusable=\"false\"><title>Example rounded image</title><rect width=\"100%\" height=\"100%\" fill=\"#868e96\"/><text x=\"50%\" y=\"50%\" fill=\"#dee2e6\" dy=\".3em\">75x75</text></svg>\r\n\r\n<svg class=\"bd-placeholder-img rounded-top\" width=\"75\" height=\"75\" xmlns=\"http://www.w3.org/2000/svg\" role=\"img\" aria-label=\"Example top rounded image: 75x75\" preserveAspectRatio=\"xMidYMid slice\" focusable=\"false\"><title>Example top rounded image</title><rect width=\"100%\" height=\"100%\" fill=\"#868e96\"/><text x=\"50%\" y=\"50%\" fill=\"#dee2e6\" dy=\".3em\">75x75</text></svg>\r\n\r\n<svg class=\"bd-placeholder-img rounded-end\" width=\"75\" height=\"75\" xmlns=\"http://www.w3.org/2000/svg\" role=\"img\" aria-label=\"Example right rounded image: 75x75\" preserveAspectRatio=\"xMidYMid slice\" focusable=\"false\"><title>Example right rounded image</title><rect width=\"100%\" height=\"100%\" fill=\"#868e96\"/><text x=\"50%\" y=\"50%\" fill=\"#dee2e6\" dy=\".3em\">75x75</text></svg>\r\n\r\n<svg class=\"bd-placeholder-img rounded-bottom\" width=\"75\" height=\"75\" xmlns=\"http://www.w3.org/2000/svg\" role=\"img\" aria-label=\"Example bottom rounded image: 75x75\" preserveAspectRatio=\"xMidYMid slice\" focusable=\"false\"><title>Example bottom rounded image</title><rect width=\"100%\" height=\"100%\" fill=\"#868e96\"/><text x=\"50%\" y=\"50%\" fill=\"#dee2e6\" dy=\".3em\">75x75</text></svg>\r\n\r\n<svg class=\"bd-placeholder-img rounded-start\" width=\"75\" height=\"75\" xmlns=\"http://www.w3.org/2000/svg\" role=\"img\" aria-label=\"Example left rounded image: 75x75\" preserveAspectRatio=\"xMidYMid slice\" focusable=\"false\"><title>Example left rounded image</title><rect width=\"100%\" height=\"100%\" fill=\"#868e96\"/><text x=\"50%\" y=\"50%\" fill=\"#dee2e6\" dy=\".3em\">75x75</text></svg>\r\n\r\n<svg class=\"bd-placeholder-img rounded-circle\" width=\"75\" height=\"75\" xmlns=\"http://www.w3.org/2000/svg\" role=\"img\" aria-label=\"Completely round image: 75x75\" preserveAspectRatio=\"xMidYMid slice\" focusable=\"false\"><title>Completely round image</title><rect width=\"100%\" height=\"100%\" fill=\"#868e96\"/><text x=\"50%\" y=\"50%\" fill=\"#dee2e6\" dy=\".3em\">75x75</text></svg>\r\n\r\n<svg class=\"bd-placeholder-img rounded-pill\" width=\"150\" height=\"75\" xmlns=\"http://www.w3.org/2000/svg\" role=\"img\" aria-label=\"Rounded pill image: 150x75\" preserveAspectRatio=\"xMidYMid slice\" focusable=\"false\"><title>Rounded pill image</title><rect width=\"100%\" height=\"100%\" fill=\"#868e96\"/><text x=\"50%\" y=\"50%\" fill=\"#dee2e6\" dy=\".3em\">150x75</text></svg>\r\n\r\n</div><div class=\"highlight\"><pre class=\"chroma\"><code class=\"language-html\" data-lang=\"html\"><span class=\"p\">&lt;</span><span class=\"nt\">img</span> <span class=\"na\">src</span><span class=\"o\">=</span><span class=\"s\">&#34;...&#34;</span> <span class=\"na\">class</span><span class=\"o\">=</span><span class=\"s\">&#34;rounded&#34;</span> <span class=\"na\">alt</span><span class=\"o\">=</span><span class=\"s\">&#34;...&#34;</span><span class=\"p\">&gt;</span>\r\n<span class=\"p\">&lt;</span><span class=\"nt\">img</span> <span class=\"na\">src</span><span class=\"o\">=</span><span class=\"s\">&#34;...&#34;</span> <span class=\"na\">class</span><span class=\"o\">=</span><span class=\"s\">&#34;rounded-top&#34;</span> <span class=\"na\">alt</span><span class=\"o\">=</span><span class=\"s\">&#34;...&#34;</span><span class=\"p\">&gt;</span>\r\n<span class=\"p\">&lt;</span><span class=\"nt\">img</span> <span class=\"na\">src</span><span class=\"o\">=</span><span class=\"s\">&#34;...&#34;</span> <span class=\"na\">class</span><span class=\"o\">=</span><span class=\"s\">&#34;rounded-end&#34;</span> <span class=\"na\">alt</span><span class=\"o\">=</span><span class=\"s\">&#34;...&#34;</span><span class=\"p\">&gt;</span>\r\n<span class=\"p\">&lt;</span><span class=\"nt\">img</span> <span class=\"na\">src</span><span class=\"o\">=</span><span class=\"s\">&#34;...&#34;</span> <span class=\"na\">class</span><span class=\"o\">=</span><span class=\"s\">&#34;rounded-bottom&#34;</span> <span class=\"na\">alt</span><span class=\"o\">=</span><span class=\"s\">&#34;...&#34;</span><span class=\"p\">&gt;</span>\r\n<span class=\"p\">&lt;</span><span class=\"nt\">img</span> <span class=\"na\">src</span><span class=\"o\">=</span><span class=\"s\">&#34;...&#34;</span> <span class=\"na\">class</span><span class=\"o\">=</span><span class=\"s\">&#34;rounded-start&#34;</span> <span class=\"na\">alt</span><span class=\"o\">=</span><span class=\"s\">&#34;...&#34;</span><span class=\"p\">&gt;</span>\r\n<span class=\"p\">&lt;</span><span class=\"nt\">img</span> <span class=\"na\">src</span><span class=\"o\">=</span><span class=\"s\">&#34;...&#34;</span> <span class=\"na\">class</span><span class=\"o\">=</span><span class=\"s\">&#34;rounded-circle&#34;</span> <span class=\"na\">alt</span><span class=\"o\">=</span><span class=\"s\">&#34;...&#34;</span><span class=\"p\">&gt;</span>\r\n<span class=\"p\">&lt;</span><span class=\"nt\">img</span> <span class=\"na\">src</span><span class=\"o\">=</span><span class=\"s\">&#34;...&#34;</span> <span class=\"na\">class</span><span class=\"o\">=</span><span class=\"s\">&#34;rounded-pill&#34;</span> <span class=\"na\">alt</span><span class=\"o\">=</span><span class=\"s\">&#34;...&#34;</span><span class=\"p\">&gt;</span></code></pre></div>\r\n<h3 id=\"sizes\">Sizes</h3>\r\n<p>Use the scaling classes for larger or smaller rounded corners. Sizes range from <code>0</code> to <code>3</code>, and can be configured by modifying the utilities API.</p>\r\n<div class=\"bd-example bd-example-rounded-utils\">\r\n<svg class=\"bd-placeholder-img rounded-0\" width=\"75\" height=\"75\" xmlns=\"http://www.w3.org/2000/svg\" role=\"img\" aria-label=\"Example non-rounded image: 75x75\" preserveAspectRatio=\"xMidYMid slice\" focusable=\"false\"><title>Example non-rounded image</title><rect width=\"100%\" height=\"100%\" fill=\"#868e96\"/><text x=\"50%\" y=\"50%\" fill=\"#dee2e6\" dy=\".3em\">75x75</text></svg>\r\n\r\n<svg class=\"bd-placeholder-img rounded-1\" width=\"75\" height=\"75\" xmlns=\"http://www.w3.org/2000/svg\" role=\"img\" aria-label=\"Example small rounded image: 75x75\" preserveAspectRatio=\"xMidYMid slice\" focusable=\"false\"><title>Example small rounded image</title><rect width=\"100%\" height=\"100%\" fill=\"#868e96\"/><text x=\"50%\" y=\"50%\" fill=\"#dee2e6\" dy=\".3em\">75x75</text></svg>\r\n\r\n<svg class=\"bd-placeholder-img rounded-2\" width=\"75\" height=\"75\" xmlns=\"http://www.w3.org/2000/svg\" role=\"img\" aria-label=\"Example default rounded image: 75x75\" preserveAspectRatio=\"xMidYMid slice\" focusable=\"false\"><title>Example default rounded image</title><rect width=\"100%\" height=\"100%\" fill=\"#868e96\"/><text x=\"50%\" y=\"50%\" fill=\"#dee2e6\" dy=\".3em\">75x75</text></svg>\r\n\r\n<svg class=\"bd-placeholder-img rounded-3\" width=\"75\" height=\"75\" xmlns=\"http://www.w3.org/2000/svg\" role=\"img\" aria-label=\"Example large rounded image: 75x75\" preserveAspectRatio=\"xMidYMid slice\" focusable=\"false\"><title>Example large rounded image</title><rect width=\"100%\" height=\"100%\" fill=\"#868e96\"/><text x=\"50%\" y=\"50%\" fill=\"#dee2e6\" dy=\".3em\">75x75</text></svg>\r\n\r\n</div><div class=\"highlight\"><pre class=\"chroma\"><code class=\"language-html\" data-lang=\"html\"><span class=\"p\">&lt;</span><span class=\"nt\">img</span> <span class=\"na\">src</span><span class=\"o\">=</span><span class=\"s\">&#34;...&#34;</span> <span class=\"na\">class</span><span class=\"o\">=</span><span class=\"s\">&#34;rounded-0&#34;</span> <span class=\"na\">alt</span><span class=\"o\">=</span><span class=\"s\">&#34;...&#34;</span><span class=\"p\">&gt;</span>\r\n<span class=\"p\">&lt;</span><span class=\"nt\">img</span> <span class=\"na\">src</span><span class=\"o\">=</span><span class=\"s\">&#34;...&#34;</span> <span class=\"na\">class</span><span class=\"o\">=</span><span class=\"s\">&#34;rounded-1&#34;</span> <span class=\"na\">alt</span><span class=\"o\">=</span><span class=\"s\">&#34;...&#34;</span><span class=\"p\">&gt;</span>\r\n<span class=\"p\">&lt;</span><span class=\"nt\">img</span> <span class=\"na\">src</span><span class=\"o\">=</span><span class=\"s\">&#34;...&#34;</span> <span class=\"na\">class</span><span class=\"o\">=</span><span class=\"s\">&#34;rounded-2&#34;</span> <span class=\"na\">alt</span><span class=\"o\">=</span><span class=\"s\">&#34;...&#34;</span><span class=\"p\">&gt;</span>\r\n<span class=\"p\">&lt;</span><span class=\"nt\">img</span> <span class=\"na\">src</span><span class=\"o\">=</span><span class=\"s\">&#34;...&#34;</span> <span class=\"na\">class</span><span class=\"o\">=</span><span class=\"s\">&#34;rounded-3&#34;</span> <span class=\"na\">alt</span><span class=\"o\">=</span><span class=\"s\">&#34;...&#34;</span><span class=\"p\">&gt;</span></code></pre></div>\r\n\r\n      </div>\r\n    </main>\r\n  </div>\r\n\r\n\r\n    <footer class=\"bd-footer p-3 p-md-5 mt-5 bg-light text-center text-sm-start\">\r\n  <div class=\"container\">\r\n    <ul class=\"bd-footer-links ps-0 mb-3\">\r\n      <li class=\"d-inline-block\"><a href=\"https://github.com/twbs\">GitHub</a></li>\r\n      <li class=\"d-inline-block ms-3\"><a href=\"https://twitter.com/getbootstrap\">Twitter</a></li>\r\n      <li class=\"d-inline-block ms-3\"><a href=\"/docs/5.0/examples/\">Examples</a></li>\r\n      <li class=\"d-inline-block ms-3\"><a href=\"/docs/5.0/about/overview/\">About</a></li>\r\n    </ul>\r\n    <p class=\"mb-0\">Designed and built with all the love in the world by the <a href=\"/docs/5.0/about/team/\">Bootstrap team</a> with the help of <a href=\"https://github.com/twbs/bootstrap/graphs/contributors\">our contributors</a>.</p>\r\n    <p class=\"mb-0\">Currently v5.0.0-beta1. Code licensed <a href=\"https://github.com/twbs/bootstrap/blob/main/LICENSE\" target=\"_blank\" rel=\"license noopener\">MIT</a>, docs <a href=\"https://creativecommons.org/licenses/by/3.0/\" target=\"_blank\" rel=\"license noopener\">CC BY 3.0</a>.</p>\r\n  </div>\r\n</footer>\r\n\r\n    <script src=\"/docs/5.0/dist/js/bootstrap.bundle.min.js\" integrity=\"sha384-ygbV9kiqUc6oa4msXn9868pTtWMgiQaeYH7/t7LECLbyPA2x65Kgf80OJFdroafW\" crossorigin=\"anonymous\"></script>\r\n\r\n\r\n<script src=\"https://cdn.jsdelivr.net/npm/docsearch.js@2/dist/cdn/docsearch.min.js\"></script>\r\n\r\n<script src=\"/docs/5.0/assets/js/docs.min.js\"></script>\r\n\r\n\r\n    \r\n  \r\n  </body>\r\n</html>\r\n', '2020-12-02', 20, 'Jawa', 1);

-- --------------------------------------------------------

--
-- Struktur dari tabel `user`
--

CREATE TABLE `user` (
  `id` int(11) NOT NULL,
  `name` varchar(128) NOT NULL,
  `email` varchar(128) NOT NULL,
  `No_wa` varchar(14) NOT NULL,
  `image` varchar(128) NOT NULL,
  `password` varchar(256) NOT NULL,
  `role_id` int(11) NOT NULL,
  `is_active` int(1) NOT NULL,
  `date_created` int(11) NOT NULL
) ENGINE=InnoDB DEFAULT CHARSET=utf8;

--
-- Dumping data untuk tabel `user`
--

INSERT INTO `user` (`id`, `name`, `email`, `No_wa`, `image`, `password`, `role_id`, `is_active`, `date_created`) VALUES
(5, 'AGUSTINUS PARDAMEAN LUMBAN TOBING', 'admin@admin.com', '', 'IMG_20190613_202344_-_Copy.jpg', '$2y$10$GM8bg6vgrkg2jmi7kdTyeu5YhifuY8REuR5Cm2kMFEFnrmGnioRCa', 1, 1, 1552120289),
(6, 'Doddy Ferdiansyah', 'doddy@gmail.com', '', 'profile.jpg', '$2y$10$FhGzXwwTWLN/yonJpDLR0.nKoeWlKWBoRG9bsk0jOAgbJ007XzeFO', 2, 1, 1552285263),
(11, 'Sandhika Galih', 'sandhikagalih@gmail.com', '', 'default.jpg', '$2y$10$0QYEK1pB2L.Rdo.ZQsJO5eeTSpdzT7PvHaEwsuEyGSs0J1Qf5BoSq', 2, 1, 1553151354),
(12, 'ADMINISTRATOR', 'admin2@admin.com', '', 'default.jpg', '$2y$10$TUui9w.j15OPzxDCe8hZQuHgOtu56lTkS45RFLPRtWa/w8yJc7Pd2', 2, 1, 1607785926);

-- --------------------------------------------------------

--
-- Struktur dari tabel `user_access_menu`
--

CREATE TABLE `user_access_menu` (
  `id` int(11) NOT NULL,
  `role_id` int(11) NOT NULL,
  `menu_id` int(11) NOT NULL
) ENGINE=InnoDB DEFAULT CHARSET=utf8;

--
-- Dumping data untuk tabel `user_access_menu`
--

INSERT INTO `user_access_menu` (`id`, `role_id`, `menu_id`) VALUES
(1, 1, 1),
(3, 2, 2),
(7, 1, 3),
(8, 1, 2);

-- --------------------------------------------------------

--
-- Struktur dari tabel `user_menu`
--

CREATE TABLE `user_menu` (
  `id` int(11) NOT NULL,
  `menu` varchar(128) NOT NULL
) ENGINE=InnoDB DEFAULT CHARSET=utf8;

--
-- Dumping data untuk tabel `user_menu`
--

INSERT INTO `user_menu` (`id`, `menu`) VALUES
(1, 'Admin'),
(2, 'User'),
(3, 'Menu');

-- --------------------------------------------------------

--
-- Struktur dari tabel `user_role`
--

CREATE TABLE `user_role` (
  `id` int(11) NOT NULL,
  `role` varchar(128) NOT NULL
) ENGINE=InnoDB DEFAULT CHARSET=utf8;

--
-- Dumping data untuk tabel `user_role`
--

INSERT INTO `user_role` (`id`, `role`) VALUES
(1, 'Administrator'),
(2, 'Member');

-- --------------------------------------------------------

--
-- Struktur dari tabel `user_sub_menu`
--

CREATE TABLE `user_sub_menu` (
  `id` int(11) NOT NULL,
  `menu_id` int(11) NOT NULL,
  `title` varchar(128) NOT NULL,
  `url` varchar(128) NOT NULL,
  `icon` varchar(128) NOT NULL,
  `is_active` int(1) NOT NULL
) ENGINE=InnoDB DEFAULT CHARSET=utf8;

--
-- Dumping data untuk tabel `user_sub_menu`
--

INSERT INTO `user_sub_menu` (`id`, `menu_id`, `title`, `url`, `icon`, `is_active`) VALUES
(1, 1, 'Dashboard', 'admin', 'fas fa-fw fa-tachometer-alt', 1),
(2, 2, 'My Profile', 'user', 'fas fa-fw fa-user', 1),
(3, 2, 'Edit Profile', 'user/edit', 'fas fa-fw fa-user-edit', 1),
(4, 3, 'Menu Management', 'menu', 'fas fa-fw fa-folder', 1),
(5, 3, 'Submenu Management', 'menu/submenu', 'fas fa-fw fa-folder-open', 1),
(7, 1, 'Role', 'admin/role', 'fas fa-fw fa-user-tie', 1),
(8, 2, 'Change Password', 'user/changepassword', 'fas fa-fw fa-key', 1);

-- --------------------------------------------------------

--
-- Struktur dari tabel `user_token`
--

CREATE TABLE `user_token` (
  `id` int(11) NOT NULL,
  `email` varchar(128) NOT NULL,
  `token` varchar(128) NOT NULL,
  `date_created` int(11) NOT NULL
) ENGINE=InnoDB DEFAULT CHARSET=utf8;

--
-- Indexes for dumped tables
--

--
-- Indeks untuk tabel `IDE_tabel`
--
ALTER TABLE `IDE_tabel`
  ADD PRIMARY KEY (`id`);

--
-- Indeks untuk tabel `JOB_Tabel`
--
ALTER TABLE `JOB_Tabel`
  ADD PRIMARY KEY (`id`);

--
-- Indeks untuk tabel `user`
--
ALTER TABLE `user`
  ADD PRIMARY KEY (`id`);

--
-- Indeks untuk tabel `user_access_menu`
--
ALTER TABLE `user_access_menu`
  ADD PRIMARY KEY (`id`);

--
-- Indeks untuk tabel `user_menu`
--
ALTER TABLE `user_menu`
  ADD PRIMARY KEY (`id`);

--
-- Indeks untuk tabel `user_role`
--
ALTER TABLE `user_role`
  ADD PRIMARY KEY (`id`);

--
-- Indeks untuk tabel `user_sub_menu`
--
ALTER TABLE `user_sub_menu`
  ADD PRIMARY KEY (`id`);

--
-- Indeks untuk tabel `user_token`
--
ALTER TABLE `user_token`
  ADD PRIMARY KEY (`id`);

--
-- AUTO_INCREMENT untuk tabel yang dibuang
--

--
-- AUTO_INCREMENT untuk tabel `IDE_tabel`
--
ALTER TABLE `IDE_tabel`
  MODIFY `id` int(11) NOT NULL AUTO_INCREMENT, AUTO_INCREMENT=12;

--
-- AUTO_INCREMENT untuk tabel `JOB_Tabel`
--
ALTER TABLE `JOB_Tabel`
  MODIFY `id` int(11) NOT NULL AUTO_INCREMENT, AUTO_INCREMENT=2;

--
-- AUTO_INCREMENT untuk tabel `user`
--
ALTER TABLE `user`
  MODIFY `id` int(11) NOT NULL AUTO_INCREMENT, AUTO_INCREMENT=13;

--
-- AUTO_INCREMENT untuk tabel `user_access_menu`
--
ALTER TABLE `user_access_menu`
  MODIFY `id` int(11) NOT NULL AUTO_INCREMENT, AUTO_INCREMENT=10;

--
-- AUTO_INCREMENT untuk tabel `user_menu`
--
ALTER TABLE `user_menu`
  MODIFY `id` int(11) NOT NULL AUTO_INCREMENT, AUTO_INCREMENT=5;

--
-- AUTO_INCREMENT untuk tabel `user_role`
--
ALTER TABLE `user_role`
  MODIFY `id` int(11) NOT NULL AUTO_INCREMENT, AUTO_INCREMENT=3;

--
-- AUTO_INCREMENT untuk tabel `user_sub_menu`
--
ALTER TABLE `user_sub_menu`
  MODIFY `id` int(11) NOT NULL AUTO_INCREMENT, AUTO_INCREMENT=9;

--
-- AUTO_INCREMENT untuk tabel `user_token`
--
ALTER TABLE `user_token`
  MODIFY `id` int(11) NOT NULL AUTO_INCREMENT, AUTO_INCREMENT=9;
COMMIT;

/*!40101 SET CHARACTER_SET_CLIENT=@OLD_CHARACTER_SET_CLIENT */;
/*!40101 SET CHARACTER_SET_RESULTS=@OLD_CHARACTER_SET_RESULTS */;
/*!40101 SET COLLATION_CONNECTION=@OLD_COLLATION_CONNECTION */;
